"race","n","prop"
"Mexican",1117,0.093605966647113
"NH Asian",681,0.0570686332020447
"NH Black",1597,0.133830553926087
"NH White",6217,0.520992206486215
"Other Hisp",1373,0.115059079862566
"Other/NA",948,0.0794435598759742
